model,best_score,balanced_accuracy_train,balanced_accuracy_test,f1_train,f1_test,roc_auc_train,roc_auc_test,precision_train,precision_test,accuracy_train,accuracy_test
SVM,0.9940865234982882,0.9603344768439108,0.9516129032258065,0.9555555555555557,0.923076923076923,0.9603344768439108,0.9516129032258064,0.9347826086956522,0.8571428571428571,0.9587628865979382,0.9387755102040817
KNN,0.9302011713776419,1.0,0.8405017921146953,1.0,0.7999999999999999,1.0,0.8405017921146952,1.0,0.8235294117647058,1.0,0.8571428571428571
AdaBoost,0.9973544973544973,1.0,0.9722222222222222,1.0,0.9714285714285714,1.0,0.9722222222222222,1.0,1.0,1.0,0.9795918367346939
GBDT,0.9973544973544974,1.0,0.9722222222222222,1.0,0.9714285714285714,1.0,0.9722222222222222,1.0,1.0,1.0,0.9795918367346939
RF,0.9978835978835978,0.9952830188679245,0.9722222222222222,0.9943502824858756,0.9714285714285714,0.9952830188679246,0.9722222222222222,0.9887640449438202,1.0,0.9948453608247423,0.9795918367346939
LR,0.9930905695611576,0.9716981132075472,0.9516129032258065,0.967032967032967,0.923076923076923,0.9716981132075472,0.9516129032258064,0.9361702127659575,0.8571428571428571,0.9690721649484536,0.9387755102040817
