model,best_score,balanced_accuracy_train,balanced_accuracy_test,f1_train,f1_test,roc_auc_train,roc_auc_test,precision_train,precision_test,accuracy_train,accuracy_test
SVM,0.9000962000962002,0.8524871355060035,0.803763440860215,0.8372093023255814,0.7499999999999999,0.8524871355060035,0.8037634408602151,0.8571428571428571,0.6818181818181818,0.8556701030927835,0.7959183673469388
KNN,0.8716436069377247,1.0,0.6881720430107527,1.0,0.6153846153846153,1.0,0.6881720430107527,1.0,0.5714285714285714,1.0,0.6938775510204082
AdaBoost,0.9573479897009308,0.9083404802744426,0.7992831541218638,0.8999999999999999,0.7441860465116279,0.9083404802744425,0.7992831541218638,0.8804347826086957,0.64,0.9072164948453608,0.7755102040816326
GBDT,0.9636745607333843,0.9262435677530017,0.8082437275985663,0.9195402298850575,0.7567567567567567,0.9262435677530018,0.8082437275985663,0.9302325581395349,0.7368421052631579,0.9278350515463918,0.8163265306122449
RF,0.9759103641456583,1.0,0.8682795698924731,1.0,0.8333333333333334,1.0,0.8682795698924731,1.0,0.8333333333333334,1.0,0.8775510204081632
LR,0.9210734798970093,0.8374785591766725,0.8198924731182795,0.8260869565217391,0.7692307692307692,0.8374785591766725,0.8198924731182796,0.7916666666666666,0.7142857142857143,0.8350515463917526,0.8163265306122449
