model,best_score,balanced_accuracy_train,balanced_accuracy_test,f1_train,f1_test,roc_auc_train,roc_auc_test,precision_train,precision_test,accuracy_train,accuracy_test
SVM,0.8884135472370767,0.8495926243567753,0.7643369175627239,0.8313253012048192,0.7027027027027027,0.8495926243567754,0.7643369175627239,0.8846153846153846,0.6842105263157895,0.8556701030927835,0.7755102040816326
KNN,0.8615935262994086,1.0,0.7553763440860215,1.0,0.6976744186046512,1.0,0.7553763440860216,1.0,0.6,1.0,0.7346938775510204
AdaBoost,0.9613006818889172,0.9262435677530017,0.8521505376344086,0.9195402298850575,0.8108108108108109,0.9262435677530018,0.8521505376344086,0.9302325581395349,0.7894736842105263,0.9278350515463918,0.8571428571428571
GBDT,0.9676541323600147,0.9309605488850772,0.8082437275985663,0.9248554913294799,0.7567567567567567,0.9309605488850772,0.8082437275985663,0.9411764705882353,0.7368421052631579,0.9329896907216495,0.8163265306122449
RF,0.9721670486376368,1.0,0.8682795698924731,1.0,0.8333333333333334,1.0,0.8682795698924731,1.0,0.8333333333333334,1.0,0.8775510204081632
LR,0.8987352516764282,0.8448756432246998,0.7759856630824373,0.8263473053892215,0.717948717948718,0.8448756432246999,0.7759856630824372,0.8734177215189873,0.6666666666666666,0.8505154639175257,0.7755102040816326
