,model,best_score,balanced_accuracy_train,balanced_accuracy_test,f1_train,f1_test,roc_auc_train,roc_auc_test,precision_train,precision_test,accuracy_train,accuracy_test
0,SVM,0.9658625730994153,0.9697684391080618,0.967741935483871,0.9662921348314608,0.9473684210526316,0.9697684391080618,0.967741935483871,0.9555555555555556,0.9,0.9690721649484536,0.9591836734693877
1,KNN,0.9638197644649258,0.9725557461406518,0.9838709677419355,0.9710982658959537,0.972972972972973,0.9725557461406518,0.9838709677419355,0.9882352941176471,0.9473684210526315,0.9742268041237113,0.9795918367346939
2,AdaBoost,0.9595925297113752,1.0,1.0,1.0,1.0,1.0,1.0,1.0,1.0,1.0,1.0
3,GBDT,0.9595925297113752,1.0,1.0,1.0,1.0,1.0,1.0,1.0,1.0,1.0,1.0
4,RF,0.9644045597865633,0.9688036020583191,0.967741935483871,0.9659090909090909,0.9473684210526316,0.9688036020583191,0.967741935483871,0.9659090909090909,0.9,0.9690721649484536,0.9591836734693877
5,LR,0.9383261183261183,0.9441466552315609,0.9838709677419355,0.9404761904761905,0.972972972972973,0.9441466552315609,0.9838709677419355,0.9875,0.9473684210526315,0.9484536082474226,0.9795918367346939
